recipes, source_url, image_url
Homemade Panko (Japanese Bread Crumbs),http://www.recipezaar.com/homemade-panko-japanese-bread-crumbs-376622,http://img.recipepuppy.com/610352.jpg
Cheese Bites,http://www.recipezaar.com/Cheese-Bites-184874,http://img.recipepuppy.com/287935.jpg
Cinderella Crisps Recipe,http://www.grouprecipes.com/52442/cinderella-crisps.html,http://img.recipepuppy.com/299487.jpg
Bread Pot Fondue Recipe,http://cookeatshare.com/recipes/bread-pot-fondue-45785,http://img.recipepuppy.com/713001.jpg
Bread Pot Fondue Recipe,http://cookeatshare.com/recipes/bread-pot-fondue-2614,http://img.recipepuppy.com/799003.jpg
Breakfast Souffle Recipe,http://cookeatshare.com/recipes/breakfast-souffle-56903,http://img.recipepuppy.com/917272.jpg
Double Decker Grilled Cheese Sandwich,http://www.kraftfoods.com/kf/recipes/double-decker-grilled-cheese-57678.aspx,http://img.recipepuppy.com/649588.jpg
MIRACLE WHIP® Grilled Cheese Sandwich,http://www.kraftfoods.com/kf/recipes/miracle-whip-grilled-cheese-50363.aspx,http://img.recipepuppy.com/649534.jpg
Grilled Cheese Sandwich Sticks,http://www.kraftfoods.com/kf/recipes/grilled-cheese-sandwich-sticks-54529.aspx,http://img.recipepuppy.com/649564.jpg
Grilled Cheese Sandwich Sticks,http://www.kraftfoods.com/kf/recipes/grilled-cheese-sandwich-sticks-54529.aspx?cm_re=1-_-1-_-RecipeAlsoEnjoy,http://img.recipepuppy.com/674547.jpg
